PRAGMA foreign_keys=OFF;
BEGIN TRANSACTION;
CREATE TABLE IF NOT EXISTS "migrations" ("id" integer primary key autoincrement not null, "migration" varchar not null, "batch" integer not null);
INSERT INTO migrations VALUES(1,'0001_01_01_000000_create_users_table',1);
INSERT INTO migrations VALUES(2,'0001_01_01_000001_create_cache_table',1);
INSERT INTO migrations VALUES(3,'0001_01_01_000002_create_jobs_table',1);
INSERT INTO migrations VALUES(4,'2026_04_29_113720_create_products_table',1);
INSERT INTO migrations VALUES(5,'2026_04_29_114439_create_categories_table',1);
INSERT INTO migrations VALUES(6,'2026_04_29_114450_create_category_translations_table',1);
INSERT INTO migrations VALUES(7,'2026_04_29_114506_create_favorites_table',1);
INSERT INTO migrations VALUES(8,'2026_04_29_114521_create_product_translations_table',1);
INSERT INTO migrations VALUES(9,'2026_04_29_114600_create_product_images_table',1);
INSERT INTO migrations VALUES(10,'2026_04_29_114609_create_product_files_table',1);
INSERT INTO migrations VALUES(11,'2026_04_29_114623_create_product_attributes_table',1);
INSERT INTO migrations VALUES(12,'2026_04_29_155047_create_admins_table',1);
INSERT INTO migrations VALUES(13,'2026_04_30_214902_create_personal_access_tokens_table',1);
CREATE TABLE IF NOT EXISTS "users" ("id" integer primary key autoincrement not null, "name" varchar not null, "email" varchar not null, "email_verified_at" datetime, "password" varchar not null, "created_at" datetime, "updated_at" datetime);
INSERT INTO users VALUES(1,'John Doe','john@example.com',NULL,'$2y$12$FD8QsNVSsWYlkZWs.MDE4eaNXf2Uac7L6zF2oWXwibRQGHJvCKmae','2026-05-06 00:06:49','2026-05-06 00:06:49');
INSERT INTO users VALUES(2,'user','user@mail.com',NULL,'$2y$12$.YVfwVUDLUy4gDkJe4dNB.HVgXj.IBcrKj0m5UhhcooRpCJdCEYbC','2026-05-06 11:12:20','2026-05-06 11:12:20');
INSERT INTO users VALUES(3,'user','userx@mail.com',NULL,'$2y$12$yia2oohX.27FbXVwUXTX1ugCsf4Dq1MZJHVwukOHTto61bvo1kWXS','2026-05-06 11:14:52','2026-05-06 11:14:52');
CREATE TABLE IF NOT EXISTS "password_reset_tokens" ("email" varchar not null, "token" varchar not null, "created_at" datetime, primary key ("email"));
CREATE TABLE IF NOT EXISTS "cache" ("key" varchar not null, "value" text not null, "expiration" integer not null, primary key ("key"));
INSERT INTO cache VALUES('laravel-cache-fyOMLKmxBLoJNO5i','a:1:{s:11:"valid_until";i:1778026029;}',1779235689);
INSERT INTO cache VALUES('laravel-cache-masJWbRR6mvNSPov','a:1:{s:11:"valid_until";i:1778026042;}',1779235702);
INSERT INTO cache VALUES('laravel-cache-x2TzbknepDAbBjCL','a:1:{s:11:"valid_until";i:1778026070;}',1779235730);
INSERT INTO cache VALUES('laravel-cache-Ddve4N4PktnxpANk','a:1:{s:11:"valid_until";i:1778065534;}',1779275134);
INSERT INTO cache VALUES('laravel-cache-kGfeyevf4XcT88Ex','a:1:{s:11:"valid_until";i:1778065653;}',1779275193);
INSERT INTO cache VALUES('laravel-cache-BCXjtMurJfYUwQcq','a:1:{s:11:"valid_until";i:1778065695;}',1779275355);
INSERT INTO cache VALUES('laravel-cache-Y00Lg9GwKtaTPfUw','a:1:{s:11:"valid_until";i:1778065698;}',1779275358);
INSERT INTO cache VALUES('laravel-cache-ZtOVs9nMS0ubr2He','a:1:{s:11:"valid_until";i:1778066070;}',1779275610);
INSERT INTO cache VALUES('laravel-cache-Hvn86DAleSfiku4n','a:1:{s:11:"valid_until";i:1778066223;}',1779275823);
INSERT INTO cache VALUES('laravel-cache-JQreMa30m77Xqd7k','a:1:{s:11:"valid_until";i:1778066392;}',1779275872);
INSERT INTO cache VALUES('laravel-cache-gApuMovqBB7K4oUf','a:1:{s:11:"valid_until";i:1778066416;}',1779275896);
INSERT INTO cache VALUES('laravel-cache-98rnGRM575r06kO1','a:1:{s:11:"valid_until";i:1778067471;}',1779277131);
INSERT INTO cache VALUES('laravel-cache-HjPzMA0RCAxlOhLA','a:1:{s:11:"valid_until";i:1778067617;}',1779277157);
INSERT INTO cache VALUES('laravel-cache-KrYEoduW9d5453DL','a:1:{s:11:"valid_until";i:1778070936;}',1779277356);
INSERT INTO cache VALUES('laravel-cache-C5qdmCnPFiFXY89e','a:1:{s:11:"valid_until";i:1778070953;}',1779280613);
INSERT INTO cache VALUES('laravel-cache-Wh1USCXbXFvp3Eij','a:1:{s:11:"valid_until";i:1778071877;}',1779281357);
CREATE TABLE IF NOT EXISTS "cache_locks" ("key" varchar not null, "owner" varchar not null, "expiration" integer not null, primary key ("key"));
CREATE TABLE IF NOT EXISTS "jobs" ("id" integer primary key autoincrement not null, "queue" varchar not null, "payload" text not null, "attempts" integer not null, "reserved_at" integer, "available_at" integer not null, "created_at" integer not null);
CREATE TABLE IF NOT EXISTS "job_batches" ("id" varchar not null, "name" varchar not null, "total_jobs" integer not null, "pending_jobs" integer not null, "failed_jobs" integer not null, "failed_job_ids" text not null, "options" text, "cancelled_at" integer, "created_at" integer not null, "finished_at" integer, primary key ("id"));
CREATE TABLE IF NOT EXISTS "failed_jobs" ("id" integer primary key autoincrement not null, "uuid" varchar not null, "connection" text not null, "queue" text not null, "payload" text not null, "exception" text not null, "failed_at" datetime not null default CURRENT_TIMESTAMP);
CREATE TABLE IF NOT EXISTS "products" ("id" integer primary key autoincrement not null, "sku" varchar not null, "price" numeric not null, "sale_price" numeric, "stock" integer not null default '0', "brand" varchar not null, "main_image_path" varchar, "status" tinyint(1) not null default '1', "category_id" integer not null, "created_at" datetime, "updated_at" datetime, "deleted_at" datetime, foreign key("category_id") references "categories"("id") on delete cascade);
INSERT INTO products VALUES(1,'SKU-0400-VXPQ',2281.86999999999989,1972.99800000000004,257,'Asus',NULL,1,3,'2026-05-06 00:05:49','2026-05-06 11:38:40','2026-05-06 11:38:40');
INSERT INTO products VALUES(2,'SKU-6155-CGWE',500,3541.08950000000004,75,'Lenovo','products/main/b53dc466-fb37-4f96-9c4e-d031c8cd3e47.jpg',1,3,'2026-05-06 00:05:49','2026-05-06 11:53:36',NULL);
INSERT INTO products VALUES(3,'SKU-7031-VSNP',2935.21999999999979,1952.00299999999992,96,'Dell',NULL,1,3,'2026-05-06 00:05:49','2026-05-06 00:14:33','2026-05-06 00:14:33');
INSERT INTO products VALUES(4,'SKU-0400-ABCD',500,200,400,'Sony','products/main/3f2d1002-e241-490c-94a9-d76d8748e6a7.jpg',0,1,'2026-05-06 00:05:49','2026-05-06 12:31:00',NULL);
INSERT INTO products VALUES(5,'SKU-3709-RFWC',1446.61999999999989,3028.31010000000014,254,'Lenovo',NULL,1,3,'2026-05-06 00:05:49','2026-05-06 00:05:49',NULL);
INSERT INTO products VALUES(6,'SKU-6966-UUSQ',1364.32999999999992,635.927500000000009,104,'Dell',NULL,1,3,'2026-05-06 00:05:49','2026-05-06 00:05:49',NULL);
INSERT INTO products VALUES(7,'SKU-3958-EPCA',2134.15999999999985,NULL,88,'Apple',NULL,1,3,'2026-05-06 00:05:49','2026-05-06 00:05:49',NULL);
INSERT INTO products VALUES(8,'SKU-6960-IYGP',1694.10999999999989,NULL,107,'Asus',NULL,1,3,'2026-05-06 00:05:49','2026-05-06 00:05:49',NULL);
INSERT INTO products VALUES(9,'SKU-9392-NMQQ',1079.71000000000003,NULL,153,'HP',NULL,0,3,'2026-05-06 00:05:49','2026-05-06 00:05:49',NULL);
INSERT INTO products VALUES(10,'SKU-9921-NNPE',1560.53999999999996,NULL,299,'Dell',NULL,1,3,'2026-05-06 00:05:49','2026-05-06 00:05:49',NULL);
INSERT INTO products VALUES(11,'SKU-7694-ZYLI',702.590000000000031,NULL,251,'OnePlus',NULL,1,9,'2026-05-06 00:05:49','2026-05-06 00:05:49',NULL);
INSERT INTO products VALUES(12,'SKU-3841-XLBR',1207.32999999999992,NULL,297,'OnePlus',NULL,1,9,'2026-05-06 00:05:49','2026-05-06 00:05:49',NULL);
INSERT INTO products VALUES(13,'SKU-5337-ODIE',839.399999999999977,NULL,286,'OnePlus',NULL,1,9,'2026-05-06 00:05:49','2026-05-06 00:05:49',NULL);
INSERT INTO products VALUES(14,'SKU-4161-ZENT',406.680000000000006,2682.35159999999996,178,'Xiaomi',NULL,1,9,'2026-05-06 00:05:49','2026-05-06 00:05:49',NULL);
INSERT INTO products VALUES(15,'SKU-1743-KOCV',1102.77999999999997,NULL,488,'OnePlus',NULL,1,9,'2026-05-06 00:05:49','2026-05-06 00:05:49',NULL);
INSERT INTO products VALUES(16,'SKU-6328-UYMI',1044.78999999999996,1154.25800000000003,429,'Xiaomi',NULL,1,9,'2026-05-06 00:05:49','2026-05-06 00:05:49',NULL);
INSERT INTO products VALUES(17,'SKU-1186-CTGV',1243.47000000000002,NULL,330,'Xiaomi',NULL,1,9,'2026-05-06 00:05:49','2026-05-06 00:05:49',NULL);
INSERT INTO products VALUES(18,'SKU-3975-XCYP',1301.06999999999993,NULL,20,'Xiaomi',NULL,1,9,'2026-05-06 00:05:49','2026-05-06 00:05:49',NULL);
INSERT INTO products VALUES(19,'SKU-4552-JRGL',1437.56999999999993,NULL,127,'Samsung',NULL,1,9,'2026-05-06 00:05:49','2026-05-06 00:05:49',NULL);
INSERT INTO products VALUES(20,'SKU-1129-AYFH',1388.25,NULL,214,'Google',NULL,1,9,'2026-05-06 00:05:49','2026-05-06 00:05:49',NULL);
INSERT INTO products VALUES(21,'SKU-4575-JKQS',1359.08999999999991,NULL,181,'Samsung',NULL,1,9,'2026-05-06 00:05:49','2026-05-06 00:05:49',NULL);
INSERT INTO products VALUES(22,'SKU-1108-HQQE',877.919999999999959,NULL,33,'Apple',NULL,1,9,'2026-05-06 00:05:49','2026-05-06 00:05:49',NULL);
INSERT INTO products VALUES(23,'SKU-3597-XFRO',953.210000000000036,NULL,140,'OnePlus',NULL,1,9,'2026-05-06 00:05:49','2026-05-06 00:05:49',NULL);
INSERT INTO products VALUES(24,'SKU-9115-MPTM',1313.54999999999995,4204.84240000000045,487,'Apple',NULL,1,9,'2026-05-06 00:05:49','2026-05-06 00:05:49',NULL);
INSERT INTO products VALUES(25,'SKU-8608-EEFI',1101.00999999999999,NULL,420,'Samsung',NULL,1,9,'2026-05-06 00:05:49','2026-05-06 00:05:49',NULL);
INSERT INTO products VALUES(26,'SKU-8235-NHGF',558.190000000000054,NULL,310,'Nintendo',NULL,1,15,'2026-05-06 00:05:50','2026-05-06 00:05:50',NULL);
INSERT INTO products VALUES(27,'SKU-7721-XREH',451.529999999999972,NULL,489,'Microsoft',NULL,1,15,'2026-05-06 00:05:50','2026-05-06 00:05:50',NULL);
INSERT INTO products VALUES(28,'SKU-4013-PMCN',374.670000000000015,NULL,372,'Sony',NULL,1,15,'2026-05-06 00:05:50','2026-05-06 00:05:50',NULL);
INSERT INTO products VALUES(29,'SKU-4272-LOYE',564.33000000000004,668.849399999999946,303,'Nintendo',NULL,1,15,'2026-05-06 00:05:50','2026-05-06 00:05:50',NULL);
INSERT INTO products VALUES(30,'SKU-1737-CLBB',486.620000000000004,NULL,428,'Microsoft',NULL,1,15,'2026-05-06 00:05:50','2026-05-06 00:05:50',NULL);
INSERT INTO products VALUES(32,'SKU-3557-RBWO',4973.02999999999974,NULL,377,'Asus',NULL,1,5,'2026-05-06 00:05:50','2026-05-06 00:05:50',NULL);
INSERT INTO products VALUES(33,'SKU-3193-GNUZ',2802.86000000000012,NULL,192,'Sony',NULL,1,19,'2026-05-06 00:05:50','2026-05-06 00:05:50',NULL);
INSERT INTO products VALUES(34,'SKU-2863-LDFA',4884.77999999999974,NULL,474,'Dell',NULL,1,31,'2026-05-06 00:05:50','2026-05-06 00:05:50',NULL);
INSERT INTO products VALUES(36,'SKU-5799-GKFB',3386.23999999999978,NULL,193,'Dell',NULL,1,10,'2026-05-06 00:05:50','2026-05-06 00:05:50',NULL);
INSERT INTO products VALUES(37,'SKU-7134-UZPW',142.340000000000003,NULL,210,'Sony',NULL,1,16,'2026-05-06 00:05:50','2026-05-06 00:05:50',NULL);
INSERT INTO products VALUES(38,'SKU-5025-RHHC',809.350000000000022,687.94749999999999,123,'Asus',NULL,1,17,'2026-05-06 00:05:50','2026-05-06 00:05:50',NULL);
INSERT INTO products VALUES(39,'SKU-3263-JXMN',3757.71000000000003,NULL,253,'Samsung',NULL,1,27,'2026-05-06 00:05:50','2026-05-06 00:05:50',NULL);
INSERT INTO products VALUES(40,'SKU-9117-CMNM',3777.82999999999992,2946.70739999999977,316,'Asus',NULL,0,7,'2026-05-06 00:05:50','2026-05-06 00:05:50',NULL);
INSERT INTO products VALUES(41,'SKU-6763-DQJP',1187.5999999999999,NULL,102,'Lenovo',NULL,1,4,'2026-05-06 00:05:50','2026-05-06 00:05:50',NULL);
INSERT INTO products VALUES(42,'SKU-6600-QZPS',2067.42000000000007,NULL,500,'Dell',NULL,1,11,'2026-05-06 00:05:50','2026-05-06 00:05:50',NULL);
INSERT INTO products VALUES(43,'SKU-6172-ZTZX',1496.04999999999995,NULL,59,'Razer',NULL,1,18,'2026-05-06 00:05:50','2026-05-06 00:05:50',NULL);
INSERT INTO products VALUES(44,'SKU-7526-RYNU',857.350000000000022,NULL,130,'Samsung',NULL,1,29,'2026-05-06 00:05:50','2026-05-06 00:05:50',NULL);
INSERT INTO products VALUES(45,'SKU-3328-ONCS',848.899999999999977,NULL,195,'Philips',NULL,0,18,'2026-05-06 00:05:50','2026-05-06 00:05:50',NULL);
INSERT INTO products VALUES(46,'SKU-0736-UKPA',1548.55999999999994,NULL,392,'Razer',NULL,1,21,'2026-05-06 00:05:50','2026-05-06 00:05:50',NULL);
INSERT INTO products VALUES(47,'SKU-2322-MXKY',4154.5699999999997,2991.29039999999986,331,'Logitech',NULL,1,17,'2026-05-06 00:05:50','2026-05-06 00:05:50',NULL);
INSERT INTO products VALUES(48,'SKU-7060-ATIS',3113.21999999999979,NULL,231,'Samsung',NULL,1,16,'2026-05-06 00:05:50','2026-05-06 00:05:50',NULL);
INSERT INTO products VALUES(49,'SKU-8663-MBXU',3904.98000000000001,NULL,427,'Nintendo',NULL,1,8,'2026-05-06 00:05:50','2026-05-06 00:05:50',NULL);
INSERT INTO products VALUES(50,'SKU-8747-VEQJ',4880.17000000000007,3708.92920000000003,479,'LG',NULL,1,16,'2026-05-06 00:05:50','2026-05-06 00:05:50',NULL);
INSERT INTO products VALUES(51,'SKU-0400-EFGH',500,200,400,'Sony','products/main/54233bd0-cae1-4fc8-9b0c-a0b8c7014a17.jpg',1,1,'2026-05-06 12:32:29','2026-05-06 12:32:29',NULL);
CREATE TABLE IF NOT EXISTS "categories" ("id" integer primary key autoincrement not null, "parent_id" integer, "status" tinyint(1) not null default '1', "image_path" varchar, "created_at" datetime, "updated_at" datetime, foreign key("parent_id") references "categories"("id") on delete set null);
INSERT INTO categories VALUES(1,NULL,0,'categories/653046db-7851-4038-b204-fd0dd1097bad.jpg','2026-05-06 00:05:49','2026-05-06 12:57:18');
INSERT INTO categories VALUES(2,1,1,NULL,'2026-05-06 00:05:49','2026-05-06 00:05:49');
INSERT INTO categories VALUES(3,2,1,NULL,'2026-05-06 00:05:49','2026-05-06 00:05:49');
INSERT INTO categories VALUES(4,2,1,NULL,'2026-05-06 00:05:49','2026-05-06 00:05:49');
INSERT INTO categories VALUES(5,2,1,NULL,'2026-05-06 00:05:49','2026-05-06 00:05:49');
INSERT INTO categories VALUES(6,5,1,NULL,'2026-05-06 00:05:49','2026-05-06 00:05:49');
INSERT INTO categories VALUES(7,5,1,NULL,'2026-05-06 00:05:49','2026-05-06 00:05:49');
INSERT INTO categories VALUES(8,1,1,NULL,'2026-05-06 00:05:49','2026-05-06 00:05:49');
INSERT INTO categories VALUES(9,8,1,NULL,'2026-05-06 00:05:49','2026-05-06 00:05:49');
INSERT INTO categories VALUES(10,8,1,NULL,'2026-05-06 00:05:49','2026-05-06 00:05:49');
INSERT INTO categories VALUES(11,8,1,NULL,'2026-05-06 00:05:49','2026-05-06 00:05:49');
INSERT INTO categories VALUES(12,11,1,NULL,'2026-05-06 00:05:49','2026-05-06 00:05:49');
INSERT INTO categories VALUES(13,11,1,NULL,'2026-05-06 00:05:49','2026-05-06 00:05:49');
INSERT INTO categories VALUES(14,1,1,NULL,'2026-05-06 00:05:49','2026-05-06 00:05:49');
INSERT INTO categories VALUES(15,14,1,NULL,'2026-05-06 00:05:49','2026-05-06 00:05:49');
INSERT INTO categories VALUES(16,14,1,NULL,'2026-05-06 00:05:49','2026-05-06 00:05:49');
INSERT INTO categories VALUES(17,14,1,NULL,'2026-05-06 00:05:49','2026-05-06 00:05:49');
INSERT INTO categories VALUES(18,NULL,1,NULL,'2026-05-06 00:05:49','2026-05-06 00:05:49');
INSERT INTO categories VALUES(19,18,1,NULL,'2026-05-06 00:05:49','2026-05-06 00:05:49');
INSERT INTO categories VALUES(20,19,1,NULL,'2026-05-06 00:05:49','2026-05-06 00:05:49');
INSERT INTO categories VALUES(21,19,1,NULL,'2026-05-06 00:05:49','2026-05-06 00:05:49');
INSERT INTO categories VALUES(22,18,1,NULL,'2026-05-06 00:05:49','2026-05-06 00:05:49');
INSERT INTO categories VALUES(23,22,1,NULL,'2026-05-06 00:05:49','2026-05-06 00:05:49');
INSERT INTO categories VALUES(24,22,1,NULL,'2026-05-06 00:05:49','2026-05-06 00:05:49');
INSERT INTO categories VALUES(25,NULL,1,NULL,'2026-05-06 00:05:49','2026-05-06 00:05:49');
INSERT INTO categories VALUES(26,25,1,NULL,'2026-05-06 00:05:49','2026-05-06 00:05:49');
INSERT INTO categories VALUES(27,26,1,NULL,'2026-05-06 00:05:49','2026-05-06 00:05:49');
INSERT INTO categories VALUES(28,26,1,NULL,'2026-05-06 00:05:49','2026-05-06 00:05:49');
INSERT INTO categories VALUES(29,25,1,NULL,'2026-05-06 00:05:49','2026-05-06 00:05:49');
INSERT INTO categories VALUES(30,29,1,NULL,'2026-05-06 00:05:49','2026-05-06 00:05:49');
INSERT INTO categories VALUES(31,29,1,NULL,'2026-05-06 00:05:49','2026-05-06 00:05:49');
INSERT INTO categories VALUES(32,NULL,1,NULL,'2026-05-06 00:05:49','2026-05-06 00:05:49');
INSERT INTO categories VALUES(33,32,1,NULL,'2026-05-06 00:05:49','2026-05-06 00:05:49');
INSERT INTO categories VALUES(34,33,1,NULL,'2026-05-06 00:05:49','2026-05-06 00:05:49');
INSERT INTO categories VALUES(35,33,1,NULL,'2026-05-06 00:05:49','2026-05-06 00:05:49');
INSERT INTO categories VALUES(36,32,1,NULL,'2026-05-06 00:05:49','2026-05-06 00:05:49');
INSERT INTO categories VALUES(38,1,1,'categories/48358032-d8fe-4d98-9fb1-c01fec8ad722.jpg','2026-05-06 13:02:32','2026-05-06 13:02:32');
CREATE TABLE IF NOT EXISTS "category_translations" ("id" integer primary key autoincrement not null, "category_id" integer not null, "locale" varchar not null, "name" varchar not null, foreign key("category_id") references "categories"("id") on delete cascade);
INSERT INTO category_translations VALUES(1,1,'en','Electronics');
INSERT INTO category_translations VALUES(2,1,'ar','الإلكترونيات');
INSERT INTO category_translations VALUES(3,2,'en','Computers');
INSERT INTO category_translations VALUES(4,2,'ar','الحواسيب');
INSERT INTO category_translations VALUES(5,3,'en','Laptops');
INSERT INTO category_translations VALUES(6,3,'ar','اللابتوبات');
INSERT INTO category_translations VALUES(7,4,'en','Desktops');
INSERT INTO category_translations VALUES(8,4,'ar','أجهزة المكتب');
INSERT INTO category_translations VALUES(9,5,'en','Computer Accessories');
INSERT INTO category_translations VALUES(10,5,'ar','إكسسوارات الحاسوب');
INSERT INTO category_translations VALUES(11,6,'en','Keyboards');
INSERT INTO category_translations VALUES(12,6,'ar','لوحات المفاتيح');
INSERT INTO category_translations VALUES(13,7,'en','Mice');
INSERT INTO category_translations VALUES(14,7,'ar','الفأرات');
INSERT INTO category_translations VALUES(15,8,'en','Mobile Phones');
INSERT INTO category_translations VALUES(16,8,'ar','الهواتف المحمولة');
INSERT INTO category_translations VALUES(17,9,'en','Smartphones');
INSERT INTO category_translations VALUES(18,9,'ar','الهواتف الذكية');
INSERT INTO category_translations VALUES(19,10,'en','Tablets');
INSERT INTO category_translations VALUES(20,10,'ar','الأجهزة اللوحية');
INSERT INTO category_translations VALUES(21,11,'en','Phone Accessories');
INSERT INTO category_translations VALUES(22,11,'ar','إكسسوارات الهواتف');
INSERT INTO category_translations VALUES(23,12,'en','Phone Cases');
INSERT INTO category_translations VALUES(24,12,'ar','أغطية الهواتف');
INSERT INTO category_translations VALUES(25,13,'en','Chargers');
INSERT INTO category_translations VALUES(26,13,'ar','الشواحن');
INSERT INTO category_translations VALUES(27,14,'en','Gaming');
INSERT INTO category_translations VALUES(28,14,'ar','الألعاب');
INSERT INTO category_translations VALUES(29,15,'en','Gaming Consoles');
INSERT INTO category_translations VALUES(30,15,'ar','أجهزة الألعاب');
INSERT INTO category_translations VALUES(31,16,'en','Video Games');
INSERT INTO category_translations VALUES(32,16,'ar','ألعاب الفيديو');
INSERT INTO category_translations VALUES(33,17,'en','Gaming Controllers');
INSERT INTO category_translations VALUES(34,17,'ar','أذرع التحكم');
INSERT INTO category_translations VALUES(35,18,'en','Home & Kitchen');
INSERT INTO category_translations VALUES(36,18,'ar','المنزل والمطبخ');
INSERT INTO category_translations VALUES(37,19,'en','Furniture');
INSERT INTO category_translations VALUES(38,19,'ar','الأثاث');
INSERT INTO category_translations VALUES(39,20,'en','Living Room Furniture');
INSERT INTO category_translations VALUES(40,20,'ar','أثاث غرفة المعيشة');
INSERT INTO category_translations VALUES(41,21,'en','Bedroom Furniture');
INSERT INTO category_translations VALUES(42,21,'ar','أثاث غرفة النوم');
INSERT INTO category_translations VALUES(43,22,'en','Kitchen Appliances');
INSERT INTO category_translations VALUES(44,22,'ar','أجهزة المطبخ');
INSERT INTO category_translations VALUES(45,23,'en','Small Appliances');
INSERT INTO category_translations VALUES(46,23,'ar','الأجهزة الصغيرة');
INSERT INTO category_translations VALUES(47,24,'en','Large Appliances');
INSERT INTO category_translations VALUES(48,24,'ar','الأجهزة الكبيرة');
INSERT INTO category_translations VALUES(49,25,'en','Fashion');
INSERT INTO category_translations VALUES(50,25,'ar','الموضة');
INSERT INTO category_translations VALUES(51,26,'en','Men''s Fashion');
INSERT INTO category_translations VALUES(52,26,'ar','أزياء الرجال');
INSERT INTO category_translations VALUES(53,27,'en','Men''s Clothing');
INSERT INTO category_translations VALUES(54,27,'ar','ملابس الرجال');
INSERT INTO category_translations VALUES(55,28,'en','Men''s Shoes');
INSERT INTO category_translations VALUES(56,28,'ar','أحذية الرجال');
INSERT INTO category_translations VALUES(57,29,'en','Women''s Fashion');
INSERT INTO category_translations VALUES(58,29,'ar','أزياء النساء');
INSERT INTO category_translations VALUES(59,30,'en','Women''s Clothing');
INSERT INTO category_translations VALUES(60,30,'ar','ملابس النساء');
INSERT INTO category_translations VALUES(61,31,'en','Women''s Shoes');
INSERT INTO category_translations VALUES(62,31,'ar','أحذية النساء');
INSERT INTO category_translations VALUES(63,32,'en','Sports & Outdoors');
INSERT INTO category_translations VALUES(64,32,'ar','الرياضة والهواء الطلق');
INSERT INTO category_translations VALUES(65,33,'en','Exercise & Fitness');
INSERT INTO category_translations VALUES(66,33,'ar','التمارين واللياقة');
INSERT INTO category_translations VALUES(67,34,'en','Cardio Equipment');
INSERT INTO category_translations VALUES(68,34,'ar','معدات الكارديو');
INSERT INTO category_translations VALUES(69,35,'en','Strength Training');
INSERT INTO category_translations VALUES(70,35,'ar','تمارين القوة');
INSERT INTO category_translations VALUES(71,36,'en','Outdoor Recreation');
INSERT INTO category_translations VALUES(72,36,'ar','الترفيه الخارجي');
INSERT INTO category_translations VALUES(75,38,'en','Sample Category');
INSERT INTO category_translations VALUES(76,38,'ar','نوع');
CREATE TABLE IF NOT EXISTS "favorites" ("id" integer primary key autoincrement not null, "user_id" integer not null, "product_id" integer not null, "created_at" datetime, "updated_at" datetime, foreign key("user_id") references "users"("id") on delete cascade, foreign key("product_id") references "products"("id") on delete cascade);
INSERT INTO favorites VALUES(1,2,5,'2026-05-06 16:04:52','2026-05-06 16:04:52');
CREATE TABLE IF NOT EXISTS "product_translations" ("id" integer primary key autoincrement not null, "product_id" integer not null, "locale" varchar not null, "title" varchar not null, "description" text, foreign key("product_id") references "products"("id") on delete cascade);
INSERT INTO product_translations VALUES(1,1,'en','Et omnis possimus.','Officia commodi perspiciatis laboriosam qui nobis nihil. Molestiae dolores aliquid ex. Molestiae architecto qui et aut voluptas voluptas. Reprehenderit molestias modi eveniet. Velit maxime quia rerum recusandae velit quo totam.');
INSERT INTO product_translations VALUES(2,1,'ar','منتج recusandae','وصف المنتج باللغة العربية');
INSERT INTO product_translations VALUES(3,2,'en','Et commodi est veniam ea.','Vel tempora nesciunt at officiis veritatis nisi ut. Aliquam illum eos officiis minus. Iusto dignissimos qui qui explicabo molestiae. Nihil officia aut voluptas.');
INSERT INTO product_translations VALUES(4,2,'ar','منتج est','وصف المنتج باللغة العربية');
INSERT INTO product_translations VALUES(5,3,'en','Et doloribus corrupti iusto.','Ea voluptate quia unde sunt nobis natus. Incidunt quia quibusdam alias dolores. Velit occaecati vel nulla.');
INSERT INTO product_translations VALUES(6,3,'ar','منتج sint','وصف المنتج باللغة العربية');
INSERT INTO product_translations VALUES(7,4,'en','Autem neque et praesentium.','Magnam nihil asperiores ipsum aut. Vero molestiae tempore rerum in accusantium. Quidem occaecati incidunt nam dolore et omnis molestiae ducimus. Qui labore ex omnis est cum facere fuga.');
INSERT INTO product_translations VALUES(8,4,'ar','منتج est','وصف المنتج باللغة العربية');
INSERT INTO product_translations VALUES(9,5,'en','Cumque expedita et.','Deserunt aut sint et nam minima. Porro voluptatibus modi quia odit quod in. Illo ducimus sit nihil.');
INSERT INTO product_translations VALUES(10,5,'ar','منتج mollitia','وصف المنتج باللغة العربية');
INSERT INTO product_translations VALUES(11,6,'en','Odio quis sed sapiente.','Nihil qui est consequatur occaecati ab. Veniam illo perferendis perspiciatis animi earum cupiditate. Et pariatur quis sed non id eius.');
INSERT INTO product_translations VALUES(12,6,'ar','منتج reprehenderit','وصف المنتج باللغة العربية');
INSERT INTO product_translations VALUES(13,7,'en','Exercitationem ad qui harum.','Officia corporis qui perspiciatis magni ut omnis rerum. Ut et omnis et et velit qui. Officia optio sed dolores eos voluptas magni deserunt.');
INSERT INTO product_translations VALUES(14,7,'ar','منتج incidunt','وصف المنتج باللغة العربية');
INSERT INTO product_translations VALUES(15,8,'en','Sapiente aspernatur praesentium.','Quia iure excepturi voluptatum ipsam quaerat in. Quae soluta autem neque a ut fugit. Corrupti libero fugiat quasi eos animi dolores consequuntur sunt.');
INSERT INTO product_translations VALUES(16,8,'ar','منتج et','وصف المنتج باللغة العربية');
INSERT INTO product_translations VALUES(17,9,'en','Nulla qui neque voluptate.','Nostrum quo corrupti vel quo illo quas sit. Sunt aut est repudiandae itaque qui.');
INSERT INTO product_translations VALUES(18,9,'ar','منتج sint','وصف المنتج باللغة العربية');
INSERT INTO product_translations VALUES(19,10,'en','Nesciunt quis et qui.','Ut dolorem consequuntur delectus voluptas recusandae quaerat cumque sint. Commodi esse autem occaecati aliquam. Autem aspernatur corrupti illum sed. Ullam beatae molestiae voluptas et sed dolores.');
INSERT INTO product_translations VALUES(20,10,'ar','منتج et','وصف المنتج باللغة العربية');
INSERT INTO product_translations VALUES(21,11,'en','Sed omnis eum.','Ab aut natus veritatis ex. Qui eius veritatis neque et deleniti. Modi quia fugiat est optio esse. Corporis incidunt provident placeat repellendus officiis.');
INSERT INTO product_translations VALUES(22,11,'ar','منتج consequatur','وصف المنتج باللغة العربية');
INSERT INTO product_translations VALUES(23,12,'en','Autem et commodi.','Nisi iusto optio nulla tenetur. Ex vitae quaerat quidem esse quis ipsum. Minus ex quod voluptatem ratione et voluptatem error. Non officia ut alias delectus dolores.');
INSERT INTO product_translations VALUES(24,12,'ar','منتج quis','وصف المنتج باللغة العربية');
INSERT INTO product_translations VALUES(25,13,'en','Et qui et.','Sed laborum sint nulla quaerat ipsa quibusdam. Odit ea saepe quis neque hic sint. Molestiae expedita soluta minus sed cum voluptas. Quia porro voluptate ut voluptate sit impedit odio consequatur.');
INSERT INTO product_translations VALUES(26,13,'ar','منتج delectus','وصف المنتج باللغة العربية');
INSERT INTO product_translations VALUES(27,14,'en','Aut nam.','Maiores consequatur possimus sint rerum doloribus. Suscipit nemo vitae qui dolorum velit necessitatibus suscipit. Aperiam ut cumque qui id non esse harum.');
INSERT INTO product_translations VALUES(28,14,'ar','منتج provident','وصف المنتج باللغة العربية');
INSERT INTO product_translations VALUES(29,15,'en','Vel voluptatem impedit.','Doloremque architecto accusantium ut ea et. Eum et ad repudiandae culpa. Quos corrupti exercitationem architecto ut voluptates voluptatum sed reiciendis.');
INSERT INTO product_translations VALUES(30,15,'ar','منتج et','وصف المنتج باللغة العربية');
INSERT INTO product_translations VALUES(31,16,'en','Consequatur in.','Alias et voluptas autem at necessitatibus. Sed alias illo et quidem. Officiis et sapiente molestias omnis. Et perferendis voluptatibus omnis eligendi odio sint assumenda.');
INSERT INTO product_translations VALUES(32,16,'ar','منتج fuga','وصف المنتج باللغة العربية');
INSERT INTO product_translations VALUES(33,17,'en','Aut et id autem expedita.','Autem eos impedit architecto amet recusandae repellat. Deleniti corporis fuga rerum veritatis id voluptate consequatur. Et vero dolor occaecati eum.');
INSERT INTO product_translations VALUES(34,17,'ar','منتج provident','وصف المنتج باللغة العربية');
INSERT INTO product_translations VALUES(35,18,'en','Totam recusandae voluptas numquam.','Ut fugit et reprehenderit pariatur ut aliquam. Culpa id iste ad quia molestiae soluta earum. Et eveniet maxime minima in saepe veniam modi rerum. Soluta alias distinctio magnam modi distinctio ab enim.');
INSERT INTO product_translations VALUES(36,18,'ar','منتج dolor','وصف المنتج باللغة العربية');
INSERT INTO product_translations VALUES(37,19,'en','Magnam ut minima.','Mollitia voluptates id doloremque nihil dolore nam. Ut in distinctio aperiam doloremque maiores. Quaerat voluptates quaerat natus quod atque odio. Voluptates sed modi atque rerum quod impedit quibusdam.');
INSERT INTO product_translations VALUES(38,19,'ar','منتج sunt','وصف المنتج باللغة العربية');
INSERT INTO product_translations VALUES(39,20,'en','Beatae explicabo rerum.','Quia perferendis corrupti placeat. Voluptatem consectetur deleniti commodi harum distinctio earum. Rerum omnis aut reiciendis in amet debitis aut. Voluptas repellat aliquam blanditiis neque.');
INSERT INTO product_translations VALUES(40,20,'ar','منتج nihil','وصف المنتج باللغة العربية');
INSERT INTO product_translations VALUES(41,21,'en','Qui accusantium perspiciatis eos.','Aut sint quidem ut quis sit vitae veritatis. Et dignissimos odit veritatis sint.');
INSERT INTO product_translations VALUES(42,21,'ar','منتج atque','وصف المنتج باللغة العربية');
INSERT INTO product_translations VALUES(43,22,'en','Voluptates iste vitae.','Blanditiis dolore molestiae quaerat quisquam esse unde. Et eaque enim id optio aut autem voluptas. Corrupti velit ea id provident in. Esse animi rerum repellendus non placeat illo qui.');
INSERT INTO product_translations VALUES(44,22,'ar','منتج praesentium','وصف المنتج باللغة العربية');
INSERT INTO product_translations VALUES(45,23,'en','Officiis rem aspernatur.','Ipsum voluptatem aperiam iusto voluptas placeat necessitatibus. Odit dignissimos praesentium accusantium minus. Esse esse in voluptates neque nisi sit eaque.');
INSERT INTO product_translations VALUES(46,23,'ar','منتج rerum','وصف المنتج باللغة العربية');
INSERT INTO product_translations VALUES(47,24,'en','Vitae culpa aut.','Iste et pariatur ea et nulla necessitatibus. Et tempore hic nam et fugiat. Omnis qui quas dolores sit et at sed. Eius totam quae deleniti eum doloribus officiis.');
INSERT INTO product_translations VALUES(48,24,'ar','منتج aperiam','وصف المنتج باللغة العربية');
INSERT INTO product_translations VALUES(49,25,'en','Quia est at inventore.','Temporibus ducimus est minus magni blanditiis. Molestiae sit quo nulla rerum nulla modi est. Similique voluptas vel rerum aut voluptatem.');
INSERT INTO product_translations VALUES(50,25,'ar','منتج sit','وصف المنتج باللغة العربية');
INSERT INTO product_translations VALUES(51,26,'en','Qui aut facilis.','Dolorum omnis consectetur corporis dolor aliquid. Est nulla cupiditate consequatur ut quasi et consectetur. Sit dolores delectus eos exercitationem soluta recusandae et.');
INSERT INTO product_translations VALUES(52,26,'ar','منتج velit','وصف المنتج باللغة العربية');
INSERT INTO product_translations VALUES(53,27,'en','Sunt dicta eaque neque.','Et eos deleniti consequuntur sunt assumenda. Qui ex est sequi eius aut repudiandae assumenda voluptas. Possimus quia aut officia dolor. Doloremque consequatur ut ipsa sint dolore est. Expedita impedit asperiores sunt dicta omnis.');
INSERT INTO product_translations VALUES(54,27,'ar','منتج non','وصف المنتج باللغة العربية');
INSERT INTO product_translations VALUES(55,28,'en','Vel illum pariatur.','Vitae et incidunt nisi amet perspiciatis veniam ea velit. Eum cupiditate vitae alias hic eum provident asperiores. Blanditiis sunt sed eos officiis velit est commodi.');
INSERT INTO product_translations VALUES(56,28,'ar','منتج quia','وصف المنتج باللغة العربية');
INSERT INTO product_translations VALUES(57,29,'en','Aliquid praesentium.','Sunt veniam assumenda incidunt repellat laboriosam vitae. Officia est facere qui fuga natus. Hic sunt veritatis ea laboriosam omnis tempore.');
INSERT INTO product_translations VALUES(58,29,'ar','منتج unde','وصف المنتج باللغة العربية');
INSERT INTO product_translations VALUES(59,30,'en','Quia sequi.','Sit et consequatur exercitationem neque. Assumenda aut laborum dolorem esse dolorum qui nihil. Aliquam praesentium quia eius tenetur aperiam et est. Alias ut reiciendis magnam enim labore eos doloremque et.');
INSERT INTO product_translations VALUES(60,30,'ar','منتج qui','وصف المنتج باللغة العربية');
INSERT INTO product_translations VALUES(63,32,'en','Sed voluptates explicabo.','Asperiores illo vel itaque cupiditate iusto id aut. Ipsam aspernatur quae sint ut dolores unde ipsum. Non ullam perferendis praesentium non iste.');
INSERT INTO product_translations VALUES(64,32,'ar','منتج laboriosam','وصف المنتج باللغة العربية');
INSERT INTO product_translations VALUES(65,33,'en','Cumque vel aut.','Aut voluptas provident quos ipsam consequatur consequatur dolores. Est quo at a. Atque sed ut numquam eligendi nisi aut eius. Commodi omnis sunt distinctio saepe eum ut facere et.');
INSERT INTO product_translations VALUES(66,33,'ar','منتج qui','وصف المنتج باللغة العربية');
INSERT INTO product_translations VALUES(67,34,'en','Itaque qui sint.','Tenetur aliquid molestias sapiente velit est sint. Aut tenetur a et blanditiis eaque enim pariatur. Est ut non vitae ab quibusdam ut. Placeat qui at provident ut.');
INSERT INTO product_translations VALUES(68,34,'ar','منتج maxime','وصف المنتج باللغة العربية');
INSERT INTO product_translations VALUES(71,36,'en','Sed maiores eum explicabo.','Fugit quidem velit excepturi placeat optio unde in dolore. Aut recusandae tenetur nisi sequi est quibusdam. Delectus ipsam qui maxime rerum pariatur. Ut ab eligendi labore fugit autem autem.');
INSERT INTO product_translations VALUES(72,36,'ar','منتج vel','وصف المنتج باللغة العربية');
INSERT INTO product_translations VALUES(73,37,'en','Ut nemo eum.','Magnam labore sit magnam non tempore. Porro cum aut quo qui quia suscipit vel ut. Nihil debitis cumque et eos odit.');
INSERT INTO product_translations VALUES(74,37,'ar','منتج quae','وصف المنتج باللغة العربية');
INSERT INTO product_translations VALUES(75,38,'en','Quod et repellat perspiciatis.','Est reprehenderit voluptatum voluptatum a eum neque. Et nemo sit dolor voluptas. Repellat eius aliquam magnam.');
INSERT INTO product_translations VALUES(76,38,'ar','منتج omnis','وصف المنتج باللغة العربية');
INSERT INTO product_translations VALUES(77,39,'en','Inventore libero perspiciatis qui enim.','Totam et perspiciatis in cumque. Sint aliquam sed reiciendis qui impedit qui cum. Ducimus unde error sit unde quia quod debitis. Alias qui voluptas ratione assumenda. Ut fuga optio unde labore et nisi ab.');
INSERT INTO product_translations VALUES(78,39,'ar','منتج nostrum','وصف المنتج باللغة العربية');
INSERT INTO product_translations VALUES(79,40,'en','Pariatur quasi voluptatem.','Saepe ea fugiat rerum libero numquam animi. Voluptatem molestiae iste et similique et in aspernatur. Sed amet ex cumque quia et et excepturi.');
INSERT INTO product_translations VALUES(80,40,'ar','منتج soluta','وصف المنتج باللغة العربية');
INSERT INTO product_translations VALUES(81,41,'en','Illum sapiente ullam quo.','Fugit velit voluptatem in corrupti. Vitae ea cupiditate facere id. Nostrum officia error iste quia ad dolores. At modi et vel amet rem voluptatem quo.');
INSERT INTO product_translations VALUES(82,41,'ar','منتج consequatur','وصف المنتج باللغة العربية');
INSERT INTO product_translations VALUES(83,42,'en','Dolor doloribus ea sed.','Dicta fugiat laborum est. Dignissimos laborum corrupti impedit molestias. Quod enim non autem sed. Quaerat nemo iusto consequatur quia sed velit sit.');
INSERT INTO product_translations VALUES(84,42,'ar','منتج error','وصف المنتج باللغة العربية');
INSERT INTO product_translations VALUES(85,43,'en','Aut molestiae quia vel.','Non quos qui ex sed in sunt. Sequi quod et voluptas voluptas voluptas laudantium. Est assumenda enim ad totam neque voluptates quaerat.');
INSERT INTO product_translations VALUES(86,43,'ar','منتج et','وصف المنتج باللغة العربية');
INSERT INTO product_translations VALUES(87,44,'en','Ipsum eos aperiam.','Facilis quia ipsa nostrum minima. Similique saepe quia omnis expedita est esse fugiat. Possimus adipisci nisi unde ducimus soluta voluptatem nisi. Minus fugiat sunt et debitis nam.');
INSERT INTO product_translations VALUES(88,44,'ar','منتج qui','وصف المنتج باللغة العربية');
INSERT INTO product_translations VALUES(89,45,'en','Nobis voluptates qui quidem.','Ipsam quam incidunt vitae perferendis totam molestias aut. Aut reiciendis necessitatibus nam consequatur quod incidunt dolor asperiores.');
INSERT INTO product_translations VALUES(90,45,'ar','منتج qui','وصف المنتج باللغة العربية');
INSERT INTO product_translations VALUES(91,46,'en','Perspiciatis dicta at.','Similique deleniti sed consequatur libero voluptas ipsa. Velit debitis soluta dolor omnis totam quas dolorem. Corporis facere et eius voluptate voluptatem mollitia ex odio.');
INSERT INTO product_translations VALUES(92,46,'ar','منتج facilis','وصف المنتج باللغة العربية');
INSERT INTO product_translations VALUES(93,47,'en','Ipsa voluptas iste.','Unde facilis quaerat laudantium excepturi ullam aut. Recusandae iusto vel temporibus consequuntur doloribus voluptatem. Cum velit tenetur architecto omnis eius blanditiis voluptas. Pariatur dolore dolore debitis quia fuga.');
INSERT INTO product_translations VALUES(94,47,'ar','منتج quaerat','وصف المنتج باللغة العربية');
INSERT INTO product_translations VALUES(95,48,'en','Quidem qui magni.','Magni esse tenetur ab veniam qui provident. Eos dolorem earum laboriosam saepe nihil placeat hic. Nisi laborum illum porro voluptatibus qui nihil. Similique totam dolorum iste quis.');
INSERT INTO product_translations VALUES(96,48,'ar','منتج ducimus','وصف المنتج باللغة العربية');
INSERT INTO product_translations VALUES(97,49,'en','Repudiandae voluptates eius.','Culpa similique ab provident. Cumque nostrum ut soluta aut. Harum aliquam temporibus ut rem quis. Nesciunt totam repellendus animi dolorum ex magni eaque.');
INSERT INTO product_translations VALUES(98,49,'ar','منتج temporibus','وصف المنتج باللغة العربية');
INSERT INTO product_translations VALUES(99,50,'en','Totam corrupti eos at.','Similique praesentium eaque vero repellendus. Accusantium perferendis et placeat aut. Veritatis debitis et voluptates cum. Ut aut pariatur molestias pariatur. Repudiandae doloribus sequi deserunt.');
INSERT INTO product_translations VALUES(100,50,'ar','منتج voluptate','وصف المنتج باللغة العربية');
INSERT INTO product_translations VALUES(101,51,'en','product',NULL);
CREATE TABLE IF NOT EXISTS "product_images" ("id" integer primary key autoincrement not null, "product_id" integer not null, "image_path" varchar not null, "created_at" datetime, "updated_at" datetime, foreign key("product_id") references "products"("id") on delete cascade);
INSERT INTO product_images VALUES(1,2,'products/gallery/46599f61-4fb2-4fc1-81d0-095e61a2af40.jpg','2026-05-06 11:47:10','2026-05-06 11:47:10');
INSERT INTO product_images VALUES(2,2,'products/gallery/1f61366a-5a5d-41cf-987b-09ea5229b5e8.jpg','2026-05-06 11:53:36','2026-05-06 11:53:36');
INSERT INTO product_images VALUES(3,4,'products/gallery/4010dc83-a97c-42b9-a8a9-a187b65edcb6.jpg','2026-05-06 11:54:09','2026-05-06 11:54:09');
INSERT INTO product_images VALUES(4,4,'products/gallery/606ddfd1-b209-4e4f-8149-e1ccd4d4fbb1.jpg','2026-05-06 11:55:43','2026-05-06 11:55:43');
INSERT INTO product_images VALUES(5,4,'products/gallery/1bfe8abf-0a0d-4f4e-9691-6f7403312686.jpg','2026-05-06 12:29:45','2026-05-06 12:29:45');
INSERT INTO product_images VALUES(6,4,'products/gallery/5ef92bcf-5472-4c98-ac18-767fa61f9237.jpg','2026-05-06 12:29:45','2026-05-06 12:29:45');
INSERT INTO product_images VALUES(7,4,'products/gallery/c0fc1451-64e3-410c-bd06-2b7773e36261.jpg','2026-05-06 12:31:00','2026-05-06 12:31:00');
INSERT INTO product_images VALUES(8,4,'products/gallery/bbb5eb07-b759-4a03-816b-5636df53a201.jpg','2026-05-06 12:31:00','2026-05-06 12:31:00');
INSERT INTO product_images VALUES(9,51,'products/gallery/2967946b-b2b6-4073-83e1-5c23603e7ede.jpg','2026-05-06 12:32:29','2026-05-06 12:32:29');
INSERT INTO product_images VALUES(10,51,'products/gallery/d5c435ec-e96c-4ad8-9a12-f1d8563ed436.jpg','2026-05-06 12:32:29','2026-05-06 12:32:29');
CREATE TABLE IF NOT EXISTS "product_files" ("id" integer primary key autoincrement not null, "product_id" integer not null, "file_path" varchar not null, "file_type" varchar not null, "file_name" varchar not null, "file_size" integer not null, "created_at" datetime, "updated_at" datetime, foreign key("product_id") references "products"("id") on delete cascade);
INSERT INTO product_files VALUES(1,2,'products/files/84c3ac83-fb1c-487e-be7b-9b8562720094.pdf','pdf','pdf-sample_0.pdf',13264,'2026-05-06 11:47:10','2026-05-06 11:47:10');
INSERT INTO product_files VALUES(2,2,'products/files/1e3c5d45-0c34-4cef-9188-c16143b535e7.pdf','pdf','pdf-sample_0.pdf',13264,'2026-05-06 11:53:36','2026-05-06 11:53:36');
INSERT INTO product_files VALUES(3,4,'products/files/12c9968f-66c2-4036-bdaa-8ab33a84917e.pdf','pdf','pdf-sample_0.pdf',13264,'2026-05-06 11:54:09','2026-05-06 11:54:09');
INSERT INTO product_files VALUES(4,4,'products/files/4ea3a54d-e7c6-4172-81ff-82665d575862.pdf','pdf','pdf-sample_0.pdf',13264,'2026-05-06 11:55:43','2026-05-06 11:55:43');
INSERT INTO product_files VALUES(5,4,'products/files/5fcb8ccc-1133-4cda-8cee-543fe2d1e992.pdf','pdf','pdf-sample_0.pdf',13264,'2026-05-06 12:29:45','2026-05-06 12:29:45');
INSERT INTO product_files VALUES(6,4,'products/files/dbb3fb1a-cde7-4837-9272-de5ecd5f0d7c.pdf','pdf','pdf-sample_0.pdf',13264,'2026-05-06 12:31:00','2026-05-06 12:31:00');
INSERT INTO product_files VALUES(7,51,'products/files/f6e3f252-e333-4867-8d16-1343fbd40cdf.pdf','pdf','pdf-sample_0.pdf',13264,'2026-05-06 12:32:29','2026-05-06 12:32:29');
CREATE TABLE IF NOT EXISTS "product_attributes" ("id" integer primary key autoincrement not null, "name" varchar not null, "value" varchar not null, "product_id" integer not null, "created_at" datetime, "updated_at" datetime, foreign key("product_id") references "products"("id") on delete cascade);
INSERT INTO product_attributes VALUES(1,'RAM','64GB',1,'2026-05-06 00:05:49','2026-05-06 00:05:49');
INSERT INTO product_attributes VALUES(2,'Storage','2TB SSD',1,'2026-05-06 00:05:49','2026-05-06 00:05:49');
INSERT INTO product_attributes VALUES(3,'Screen Size','14"',1,'2026-05-06 00:05:49','2026-05-06 00:05:49');
INSERT INTO product_attributes VALUES(4,'Processor','Intel i9',1,'2026-05-06 00:05:49','2026-05-06 00:05:49');
INSERT INTO product_attributes VALUES(5,'Graphics','Integrated',1,'2026-05-06 00:05:49','2026-05-06 00:05:49');
INSERT INTO product_attributes VALUES(11,'RAM','8GB',3,'2026-05-06 00:05:49','2026-05-06 00:05:49');
INSERT INTO product_attributes VALUES(12,'Storage','2TB SSD',3,'2026-05-06 00:05:49','2026-05-06 00:05:49');
INSERT INTO product_attributes VALUES(13,'Screen Size','14"',3,'2026-05-06 00:05:49','2026-05-06 00:05:49');
INSERT INTO product_attributes VALUES(14,'Processor','AMD Ryzen 7',3,'2026-05-06 00:05:49','2026-05-06 00:05:49');
INSERT INTO product_attributes VALUES(15,'Graphics','Integrated',3,'2026-05-06 00:05:49','2026-05-06 00:05:49');
INSERT INTO product_attributes VALUES(21,'RAM','64GB',5,'2026-05-06 00:05:49','2026-05-06 00:05:49');
INSERT INTO product_attributes VALUES(22,'Storage','2TB SSD',5,'2026-05-06 00:05:49','2026-05-06 00:05:49');
INSERT INTO product_attributes VALUES(23,'Screen Size','14"',5,'2026-05-06 00:05:49','2026-05-06 00:05:49');
INSERT INTO product_attributes VALUES(24,'Processor','AMD Ryzen 5',5,'2026-05-06 00:05:49','2026-05-06 00:05:49');
INSERT INTO product_attributes VALUES(25,'Graphics','NVIDIA RTX 3060',5,'2026-05-06 00:05:49','2026-05-06 00:05:49');
INSERT INTO product_attributes VALUES(26,'RAM','16GB',6,'2026-05-06 00:05:49','2026-05-06 00:05:49');
INSERT INTO product_attributes VALUES(27,'Storage','256GB SSD',6,'2026-05-06 00:05:49','2026-05-06 00:05:49');
INSERT INTO product_attributes VALUES(28,'Screen Size','15.6"',6,'2026-05-06 00:05:49','2026-05-06 00:05:49');
INSERT INTO product_attributes VALUES(29,'Processor','Intel i5',6,'2026-05-06 00:05:49','2026-05-06 00:05:49');
INSERT INTO product_attributes VALUES(30,'Graphics','NVIDIA GTX 1650',6,'2026-05-06 00:05:49','2026-05-06 00:05:49');
INSERT INTO product_attributes VALUES(31,'RAM','32GB',7,'2026-05-06 00:05:49','2026-05-06 00:05:49');
INSERT INTO product_attributes VALUES(32,'Storage','1TB SSD',7,'2026-05-06 00:05:49','2026-05-06 00:05:49');
INSERT INTO product_attributes VALUES(33,'Screen Size','14"',7,'2026-05-06 00:05:49','2026-05-06 00:05:49');
INSERT INTO product_attributes VALUES(34,'Processor','Intel i9',7,'2026-05-06 00:05:49','2026-05-06 00:05:49');
INSERT INTO product_attributes VALUES(35,'Graphics','NVIDIA RTX 3050',7,'2026-05-06 00:05:49','2026-05-06 00:05:49');
INSERT INTO product_attributes VALUES(36,'RAM','8GB',8,'2026-05-06 00:05:49','2026-05-06 00:05:49');
INSERT INTO product_attributes VALUES(37,'Storage','2TB SSD',8,'2026-05-06 00:05:49','2026-05-06 00:05:49');
INSERT INTO product_attributes VALUES(38,'Screen Size','13"',8,'2026-05-06 00:05:49','2026-05-06 00:05:49');
INSERT INTO product_attributes VALUES(39,'Processor','AMD Ryzen 7',8,'2026-05-06 00:05:49','2026-05-06 00:05:49');
INSERT INTO product_attributes VALUES(40,'Graphics','Integrated',8,'2026-05-06 00:05:49','2026-05-06 00:05:49');
INSERT INTO product_attributes VALUES(41,'RAM','32GB',9,'2026-05-06 00:05:49','2026-05-06 00:05:49');
INSERT INTO product_attributes VALUES(42,'Storage','512GB SSD',9,'2026-05-06 00:05:49','2026-05-06 00:05:49');
INSERT INTO product_attributes VALUES(43,'Screen Size','14"',9,'2026-05-06 00:05:49','2026-05-06 00:05:49');
INSERT INTO product_attributes VALUES(44,'Processor','Intel i9',9,'2026-05-06 00:05:49','2026-05-06 00:05:49');
INSERT INTO product_attributes VALUES(45,'Graphics','Integrated',9,'2026-05-06 00:05:49','2026-05-06 00:05:49');
INSERT INTO product_attributes VALUES(46,'RAM','8GB',10,'2026-05-06 00:05:49','2026-05-06 00:05:49');
INSERT INTO product_attributes VALUES(47,'Storage','512GB SSD',10,'2026-05-06 00:05:49','2026-05-06 00:05:49');
INSERT INTO product_attributes VALUES(48,'Screen Size','13"',10,'2026-05-06 00:05:49','2026-05-06 00:05:49');
INSERT INTO product_attributes VALUES(49,'Processor','AMD Ryzen 5',10,'2026-05-06 00:05:49','2026-05-06 00:05:49');
INSERT INTO product_attributes VALUES(50,'Graphics','NVIDIA RTX 3060',10,'2026-05-06 00:05:49','2026-05-06 00:05:49');
INSERT INTO product_attributes VALUES(51,'RAM','8GB',11,'2026-05-06 00:05:49','2026-05-06 00:05:49');
INSERT INTO product_attributes VALUES(52,'Storage','128GB',11,'2026-05-06 00:05:49','2026-05-06 00:05:49');
INSERT INTO product_attributes VALUES(53,'Screen Size','6.5"',11,'2026-05-06 00:05:49','2026-05-06 00:05:49');
INSERT INTO product_attributes VALUES(54,'Camera','48MP',11,'2026-05-06 00:05:49','2026-05-06 00:05:49');
INSERT INTO product_attributes VALUES(55,'Battery','4000mAh',11,'2026-05-06 00:05:49','2026-05-06 00:05:49');
INSERT INTO product_attributes VALUES(56,'Color','Red',11,'2026-05-06 00:05:49','2026-05-06 00:05:49');
INSERT INTO product_attributes VALUES(57,'RAM','6GB',12,'2026-05-06 00:05:49','2026-05-06 00:05:49');
INSERT INTO product_attributes VALUES(58,'Storage','256GB',12,'2026-05-06 00:05:49','2026-05-06 00:05:49');
INSERT INTO product_attributes VALUES(59,'Screen Size','5.5"',12,'2026-05-06 00:05:49','2026-05-06 00:05:49');
INSERT INTO product_attributes VALUES(60,'Camera','48MP',12,'2026-05-06 00:05:49','2026-05-06 00:05:49');
INSERT INTO product_attributes VALUES(61,'Battery','4000mAh',12,'2026-05-06 00:05:49','2026-05-06 00:05:49');
INSERT INTO product_attributes VALUES(62,'Color','Blue',12,'2026-05-06 00:05:49','2026-05-06 00:05:49');
INSERT INTO product_attributes VALUES(63,'RAM','16GB',13,'2026-05-06 00:05:49','2026-05-06 00:05:49');
INSERT INTO product_attributes VALUES(64,'Storage','512GB',13,'2026-05-06 00:05:49','2026-05-06 00:05:49');
INSERT INTO product_attributes VALUES(65,'Screen Size','6.1"',13,'2026-05-06 00:05:49','2026-05-06 00:05:49');
INSERT INTO product_attributes VALUES(66,'Camera','108MP',13,'2026-05-06 00:05:49','2026-05-06 00:05:49');
INSERT INTO product_attributes VALUES(67,'Battery','4000mAh',13,'2026-05-06 00:05:49','2026-05-06 00:05:49');
INSERT INTO product_attributes VALUES(68,'Color','White',13,'2026-05-06 00:05:49','2026-05-06 00:05:49');
INSERT INTO product_attributes VALUES(69,'RAM','6GB',14,'2026-05-06 00:05:49','2026-05-06 00:05:49');
INSERT INTO product_attributes VALUES(70,'Storage','64GB',14,'2026-05-06 00:05:49','2026-05-06 00:05:49');
INSERT INTO product_attributes VALUES(71,'Screen Size','5.5"',14,'2026-05-06 00:05:49','2026-05-06 00:05:49');
INSERT INTO product_attributes VALUES(72,'Camera','48MP',14,'2026-05-06 00:05:49','2026-05-06 00:05:49');
INSERT INTO product_attributes VALUES(73,'Battery','3000mAh',14,'2026-05-06 00:05:49','2026-05-06 00:05:49');
INSERT INTO product_attributes VALUES(74,'Color','Red',14,'2026-05-06 00:05:49','2026-05-06 00:05:49');
INSERT INTO product_attributes VALUES(75,'RAM','16GB',15,'2026-05-06 00:05:49','2026-05-06 00:05:49');
INSERT INTO product_attributes VALUES(76,'Storage','1TB',15,'2026-05-06 00:05:49','2026-05-06 00:05:49');
INSERT INTO product_attributes VALUES(77,'Screen Size','5.5"',15,'2026-05-06 00:05:49','2026-05-06 00:05:49');
INSERT INTO product_attributes VALUES(78,'Camera','12MP',15,'2026-05-06 00:05:49','2026-05-06 00:05:49');
INSERT INTO product_attributes VALUES(79,'Battery','5000mAh',15,'2026-05-06 00:05:49','2026-05-06 00:05:49');
INSERT INTO product_attributes VALUES(80,'Color','Blue',15,'2026-05-06 00:05:49','2026-05-06 00:05:49');
INSERT INTO product_attributes VALUES(81,'RAM','16GB',16,'2026-05-06 00:05:49','2026-05-06 00:05:49');
INSERT INTO product_attributes VALUES(82,'Storage','128GB',16,'2026-05-06 00:05:49','2026-05-06 00:05:49');
INSERT INTO product_attributes VALUES(83,'Screen Size','6.7"',16,'2026-05-06 00:05:49','2026-05-06 00:05:49');
INSERT INTO product_attributes VALUES(84,'Camera','108MP',16,'2026-05-06 00:05:49','2026-05-06 00:05:49');
INSERT INTO product_attributes VALUES(85,'Battery','4000mAh',16,'2026-05-06 00:05:49','2026-05-06 00:05:49');
INSERT INTO product_attributes VALUES(86,'Color','Blue',16,'2026-05-06 00:05:49','2026-05-06 00:05:49');
INSERT INTO product_attributes VALUES(87,'RAM','8GB',17,'2026-05-06 00:05:49','2026-05-06 00:05:49');
INSERT INTO product_attributes VALUES(88,'Storage','256GB',17,'2026-05-06 00:05:49','2026-05-06 00:05:49');
INSERT INTO product_attributes VALUES(89,'Screen Size','6.7"',17,'2026-05-06 00:05:49','2026-05-06 00:05:49');
INSERT INTO product_attributes VALUES(90,'Camera','64MP',17,'2026-05-06 00:05:49','2026-05-06 00:05:49');
INSERT INTO product_attributes VALUES(91,'Battery','3000mAh',17,'2026-05-06 00:05:49','2026-05-06 00:05:49');
INSERT INTO product_attributes VALUES(92,'Color','White',17,'2026-05-06 00:05:49','2026-05-06 00:05:49');
INSERT INTO product_attributes VALUES(93,'RAM','8GB',18,'2026-05-06 00:05:50','2026-05-06 00:05:50');
INSERT INTO product_attributes VALUES(94,'Storage','128GB',18,'2026-05-06 00:05:50','2026-05-06 00:05:50');
INSERT INTO product_attributes VALUES(95,'Screen Size','6.7"',18,'2026-05-06 00:05:50','2026-05-06 00:05:50');
INSERT INTO product_attributes VALUES(96,'Camera','12MP',18,'2026-05-06 00:05:50','2026-05-06 00:05:50');
INSERT INTO product_attributes VALUES(97,'Battery','4000mAh',18,'2026-05-06 00:05:50','2026-05-06 00:05:50');
INSERT INTO product_attributes VALUES(98,'Color','Blue',18,'2026-05-06 00:05:50','2026-05-06 00:05:50');
INSERT INTO product_attributes VALUES(99,'RAM','6GB',19,'2026-05-06 00:05:50','2026-05-06 00:05:50');
INSERT INTO product_attributes VALUES(100,'Storage','256GB',19,'2026-05-06 00:05:50','2026-05-06 00:05:50');
INSERT INTO product_attributes VALUES(101,'Screen Size','6.5"',19,'2026-05-06 00:05:50','2026-05-06 00:05:50');
INSERT INTO product_attributes VALUES(102,'Camera','64MP',19,'2026-05-06 00:05:50','2026-05-06 00:05:50');
INSERT INTO product_attributes VALUES(103,'Battery','4000mAh',19,'2026-05-06 00:05:50','2026-05-06 00:05:50');
INSERT INTO product_attributes VALUES(104,'Color','Black',19,'2026-05-06 00:05:50','2026-05-06 00:05:50');
INSERT INTO product_attributes VALUES(105,'RAM','6GB',20,'2026-05-06 00:05:50','2026-05-06 00:05:50');
INSERT INTO product_attributes VALUES(106,'Storage','512GB',20,'2026-05-06 00:05:50','2026-05-06 00:05:50');
INSERT INTO product_attributes VALUES(107,'Screen Size','6.1"',20,'2026-05-06 00:05:50','2026-05-06 00:05:50');
INSERT INTO product_attributes VALUES(108,'Camera','48MP',20,'2026-05-06 00:05:50','2026-05-06 00:05:50');
INSERT INTO product_attributes VALUES(109,'Battery','6000mAh',20,'2026-05-06 00:05:50','2026-05-06 00:05:50');
INSERT INTO product_attributes VALUES(110,'Color','Blue',20,'2026-05-06 00:05:50','2026-05-06 00:05:50');
INSERT INTO product_attributes VALUES(111,'RAM','16GB',21,'2026-05-06 00:05:50','2026-05-06 00:05:50');
INSERT INTO product_attributes VALUES(112,'Storage','64GB',21,'2026-05-06 00:05:50','2026-05-06 00:05:50');
INSERT INTO product_attributes VALUES(113,'Screen Size','5.5"',21,'2026-05-06 00:05:50','2026-05-06 00:05:50');
INSERT INTO product_attributes VALUES(114,'Camera','108MP',21,'2026-05-06 00:05:50','2026-05-06 00:05:50');
INSERT INTO product_attributes VALUES(115,'Battery','3000mAh',21,'2026-05-06 00:05:50','2026-05-06 00:05:50');
INSERT INTO product_attributes VALUES(116,'Color','Black',21,'2026-05-06 00:05:50','2026-05-06 00:05:50');
INSERT INTO product_attributes VALUES(117,'RAM','6GB',22,'2026-05-06 00:05:50','2026-05-06 00:05:50');
INSERT INTO product_attributes VALUES(118,'Storage','512GB',22,'2026-05-06 00:05:50','2026-05-06 00:05:50');
INSERT INTO product_attributes VALUES(119,'Screen Size','6.7"',22,'2026-05-06 00:05:50','2026-05-06 00:05:50');
INSERT INTO product_attributes VALUES(120,'Camera','108MP',22,'2026-05-06 00:05:50','2026-05-06 00:05:50');
INSERT INTO product_attributes VALUES(121,'Battery','3000mAh',22,'2026-05-06 00:05:50','2026-05-06 00:05:50');
INSERT INTO product_attributes VALUES(122,'Color','Blue',22,'2026-05-06 00:05:50','2026-05-06 00:05:50');
INSERT INTO product_attributes VALUES(123,'RAM','8GB',23,'2026-05-06 00:05:50','2026-05-06 00:05:50');
INSERT INTO product_attributes VALUES(124,'Storage','1TB',23,'2026-05-06 00:05:50','2026-05-06 00:05:50');
INSERT INTO product_attributes VALUES(125,'Screen Size','5.5"',23,'2026-05-06 00:05:50','2026-05-06 00:05:50');
INSERT INTO product_attributes VALUES(126,'Camera','64MP',23,'2026-05-06 00:05:50','2026-05-06 00:05:50');
INSERT INTO product_attributes VALUES(127,'Battery','5000mAh',23,'2026-05-06 00:05:50','2026-05-06 00:05:50');
INSERT INTO product_attributes VALUES(128,'Color','Black',23,'2026-05-06 00:05:50','2026-05-06 00:05:50');
INSERT INTO product_attributes VALUES(129,'RAM','12GB',24,'2026-05-06 00:05:50','2026-05-06 00:05:50');
INSERT INTO product_attributes VALUES(130,'Storage','64GB',24,'2026-05-06 00:05:50','2026-05-06 00:05:50');
INSERT INTO product_attributes VALUES(131,'Screen Size','6.5"',24,'2026-05-06 00:05:50','2026-05-06 00:05:50');
INSERT INTO product_attributes VALUES(132,'Camera','12MP',24,'2026-05-06 00:05:50','2026-05-06 00:05:50');
INSERT INTO product_attributes VALUES(133,'Battery','3000mAh',24,'2026-05-06 00:05:50','2026-05-06 00:05:50');
INSERT INTO product_attributes VALUES(134,'Color','Gold',24,'2026-05-06 00:05:50','2026-05-06 00:05:50');
INSERT INTO product_attributes VALUES(135,'RAM','4GB',25,'2026-05-06 00:05:50','2026-05-06 00:05:50');
INSERT INTO product_attributes VALUES(136,'Storage','64GB',25,'2026-05-06 00:05:50','2026-05-06 00:05:50');
INSERT INTO product_attributes VALUES(137,'Screen Size','6.5"',25,'2026-05-06 00:05:50','2026-05-06 00:05:50');
INSERT INTO product_attributes VALUES(138,'Camera','12MP',25,'2026-05-06 00:05:50','2026-05-06 00:05:50');
INSERT INTO product_attributes VALUES(139,'Battery','5000mAh',25,'2026-05-06 00:05:50','2026-05-06 00:05:50');
INSERT INTO product_attributes VALUES(140,'Color','White',25,'2026-05-06 00:05:50','2026-05-06 00:05:50');
INSERT INTO product_attributes VALUES(141,'Storage','1TB SSD',26,'2026-05-06 00:05:50','2026-05-06 00:05:50');
INSERT INTO product_attributes VALUES(142,'Resolution','8K',26,'2026-05-06 00:05:50','2026-05-06 00:05:50');
INSERT INTO product_attributes VALUES(143,'Color','White',26,'2026-05-06 00:05:50','2026-05-06 00:05:50');
INSERT INTO product_attributes VALUES(144,'Storage','1TB SSD',27,'2026-05-06 00:05:50','2026-05-06 00:05:50');
INSERT INTO product_attributes VALUES(145,'Resolution','1080p',27,'2026-05-06 00:05:50','2026-05-06 00:05:50');
INSERT INTO product_attributes VALUES(146,'Color','White',27,'2026-05-06 00:05:50','2026-05-06 00:05:50');
INSERT INTO product_attributes VALUES(147,'Storage','1TB SSD',28,'2026-05-06 00:05:50','2026-05-06 00:05:50');
INSERT INTO product_attributes VALUES(148,'Resolution','1080p',28,'2026-05-06 00:05:50','2026-05-06 00:05:50');
INSERT INTO product_attributes VALUES(149,'Color','White',28,'2026-05-06 00:05:50','2026-05-06 00:05:50');
INSERT INTO product_attributes VALUES(150,'Storage','1TB SSD',29,'2026-05-06 00:05:50','2026-05-06 00:05:50');
INSERT INTO product_attributes VALUES(151,'Resolution','8K',29,'2026-05-06 00:05:50','2026-05-06 00:05:50');
INSERT INTO product_attributes VALUES(152,'Color','Black',29,'2026-05-06 00:05:50','2026-05-06 00:05:50');
INSERT INTO product_attributes VALUES(153,'Storage','512GB SSD',30,'2026-05-06 00:05:50','2026-05-06 00:05:50');
INSERT INTO product_attributes VALUES(154,'Resolution','8K',30,'2026-05-06 00:05:50','2026-05-06 00:05:50');
INSERT INTO product_attributes VALUES(155,'Color','Black',30,'2026-05-06 00:05:50','2026-05-06 00:05:50');
INSERT INTO product_attributes VALUES(157,'RAM','32GB',2,'2026-05-06 11:53:36','2026-05-06 11:53:36');
INSERT INTO product_attributes VALUES(161,'RAM','32GB',4,'2026-05-06 12:31:00','2026-05-06 12:31:00');
INSERT INTO product_attributes VALUES(162,'Disk','1TB SSD',4,'2026-05-06 12:31:00','2026-05-06 12:31:00');
INSERT INTO product_attributes VALUES(163,'RAM','32GB',51,'2026-05-06 12:32:29','2026-05-06 12:32:29');
INSERT INTO product_attributes VALUES(164,'Disk','1TB SSD',51,'2026-05-06 12:32:29','2026-05-06 12:32:29');
CREATE TABLE IF NOT EXISTS "admins" ("id" integer primary key autoincrement not null, "name" varchar not null, "email" varchar not null, "email_verified_at" datetime, "password" varchar not null, "created_at" datetime, "updated_at" datetime);
INSERT INTO admins VALUES(1,'Admin User','admin@example.com','2026-05-06 00:05:50','$2y$12$JtWveU8FBTCzpR.uXObSc.Da7gcAOZKQ.WAbW6RQsLmUbKKPvGcwm','2026-05-06 00:05:50','2026-05-06 00:05:50');
CREATE TABLE IF NOT EXISTS "personal_access_tokens" ("id" integer primary key autoincrement not null, "tokenable_type" varchar not null, "tokenable_id" integer not null, "name" text not null, "token" varchar not null, "abilities" text, "last_used_at" datetime, "expires_at" datetime, "created_at" datetime, "updated_at" datetime);
DELETE FROM sqlite_sequence;
INSERT INTO sqlite_sequence VALUES('migrations',13);
INSERT INTO sqlite_sequence VALUES('categories',38);
INSERT INTO sqlite_sequence VALUES('category_translations',76);
INSERT INTO sqlite_sequence VALUES('products',51);
INSERT INTO sqlite_sequence VALUES('product_translations',101);
INSERT INTO sqlite_sequence VALUES('product_attributes',164);
INSERT INTO sqlite_sequence VALUES('admins',1);
INSERT INTO sqlite_sequence VALUES('users',3);
INSERT INTO sqlite_sequence VALUES('product_images',10);
INSERT INTO sqlite_sequence VALUES('product_files',7);
INSERT INTO sqlite_sequence VALUES('favorites',2);
CREATE UNIQUE INDEX "users_email_unique" on "users" ("email");
CREATE INDEX "cache_expiration_index" on "cache" ("expiration");
CREATE INDEX "cache_locks_expiration_index" on "cache_locks" ("expiration");
CREATE INDEX "jobs_queue_index" on "jobs" ("queue");
CREATE UNIQUE INDEX "failed_jobs_uuid_unique" on "failed_jobs" ("uuid");
CREATE INDEX "products_sku_index" on "products" ("sku");
CREATE INDEX "products_brand_index" on "products" ("brand");
CREATE INDEX "products_status_index" on "products" ("status");
CREATE UNIQUE INDEX "products_sku_unique" on "products" ("sku");
CREATE UNIQUE INDEX "category_translations_category_id_locale_unique" on "category_translations" ("category_id", "locale");
CREATE INDEX "category_translations_locale_index" on "category_translations" ("locale");
CREATE INDEX "category_translations_name_index" on "category_translations" ("name");
CREATE UNIQUE INDEX "favorites_user_id_product_id_unique" on "favorites" ("user_id", "product_id");
CREATE UNIQUE INDEX "product_translations_product_id_locale_unique" on "product_translations" ("product_id", "locale");
CREATE INDEX "product_translations_locale_index" on "product_translations" ("locale");
CREATE INDEX "product_images_product_id_index" on "product_images" ("product_id");
CREATE INDEX "product_files_product_id_index" on "product_files" ("product_id");
CREATE INDEX "product_attributes_product_id_name_index" on "product_attributes" ("product_id", "name");
CREATE UNIQUE INDEX "admins_email_unique" on "admins" ("email");
CREATE INDEX "personal_access_tokens_tokenable_type_tokenable_id_index" on "personal_access_tokens" ("tokenable_type", "tokenable_id");
CREATE UNIQUE INDEX "personal_access_tokens_token_unique" on "personal_access_tokens" ("token");
CREATE INDEX "personal_access_tokens_expires_at_index" on "personal_access_tokens" ("expires_at");
COMMIT;
